"NB_FEATURES","METHOD","FEATURES","CORRELATION_METRIC","SVM_NORMALIZATION","MEASURE","UMAP","CLUSTERING","NB_PATIENTS_PER_CLUSTER","N_CLUSTERS","SILHOUETTE_AVG","SILHOUETTE_STD","CH","HS_AVG","HS_STD","PATIENT_DISTRIBUTION","MATCHING_PERCENTAGE","LOGRANK-PVAL_MAX","LOGRANK-STAT_MIN","WILCOXON-PVAL_MAX","WILCOXON-STAT_MIN"
"12","CF4_WSD_UMAP_SPEC_2","TSFRESH","PEARSON","MIN_MAX","SNORKEL_SVM_LINEAR","YES","SPEC","172, 197",2,0.4831700921058655,0.23693257570266724,479.5034659416364,0.9344902046734062,0.010818485078148945,0.9966863658390763,71.85990338164251,0.00000000004936,43.20223185020317,0.0000000000000006366,65.32033743196152
"12","CF4_WSD_SPEC_2","TSFRESH","PEARSON","MIN_MAX","SNORKEL_SVM_LINEAR","NO","SPEC","143, 226",2,0.40892971769712716,0.16184534817053084,-1,0.056419751104989854,0.009852207411997039,0.9631896167239676,76.34912218687404,0.0000000003257,39.51404460950357,0.000000000000007128,60.56259135371339
"12","CF4_RF_UMAP_AHC_2","TSFRESH","PEARSON","MIN_MAX","SNORKEL_SVM_LINEAR","YES","AHC","206, 163",2,0.49467578530311584,0.2712126076221466,380.49987971952936,0.9524922150212489,0.006632477195655885,0.9901821612381505,74.5286909390833,0.0000000005537,38.47809163262401,0.000000000000001812,63.25961266275582
"12","CF4_WSD_KMD_2","TSFRESH","PEARSON","MIN_MAX","SNORKEL_SVM_LINEAR","NO","KMD","177, 192",2,0.3927147348329461,0.18699470313822547,-1,0.05647051380996777,0.010119316725735822,0.9988076767835599,73.8953693884765,0.000000005735,33.92250884735848,0.00000000000001297,59.38501482097621
"12","CF4_RF_SPEC_2","TSFRESH","PEARSON","MIN_MAX","SNORKEL_SVM_LINEAR","NO","SPEC","203, 166",2,0.3979856877095906,0.1713690859790163,-1,0.055977794412213705,0.009990703238380645,0.9927351719352464,74.37846117591612,0.000000007676,33.35550447501928,0.00000000000002082,58.45259727614117
"12","CF4_WSD_AHC_2","TSFRESH","PEARSON","MIN_MAX","SNORKEL_SVM_LINEAR","NO","AHC","70, 299",2,0.4305923594028406,0.17827468179235428,-1,0.05745593423811975,0.009195246054213072,0.7008474348642415,75.82479085660422,0.00000001694,31.81683648296861,0.0000000000855,42.12767569457659
"12","CF4_WSD_UMAP_KMD_2","TSFRESH","PEARSON","MIN_MAX","SNORKEL_SVM_LINEAR","YES","KMD","182, 187",2,0.5243306159973145,0.17959530651569366,557.3792064524955,0.9321765869097111,0.012043334059759148,0.9998675520897977,72.64934605867798,0.00000006041,29.35034377688577,0.0000000000005433,52.0420279451866
"12","CF4_RF_UMAP_KME_2","TSFRESH","PEARSON","MIN_MAX","SNORKEL_SVM_LINEAR","YES","KME","194, 175",2,0.529305636882782,0.21555402874946594,387.7520158994604,0.9515373832851044,0.008198509978218282,0.9980866647190403,71.7685872510899,0.0000001509,27.577438546772026,0.0000000000004418,52.447813660945066
"12","CF4_MAN_UMAP_SPEC_2","TSFRESH","PEARSON","MIN_MAX","SNORKEL_SVM_LINEAR","YES","SPEC","283, 86",2,0.3803781270980835,0.37764444947242737,215.74988778877466,0.8885497051568859,0.018493460561660548,0.783311554499954,56.52468481206551,0.0000001854,27.179770806721784,0.00000000004001,43.61343639135838
"12","CF4_WSD_UMAP_KME_2","TSFRESH","PEARSON","MIN_MAX","SNORKEL_SVM_LINEAR","YES","KME","178, 191",2,0.5265481472015381,0.17314213514328003,560.0928636801337,0.9337602411711289,0.01059227058356164,0.9991044942261229,72.27229880994463,0.0000002031,27.003188519030246,0.000000000002514,49.034896515430646
"12","CF4_RF_KMD_2","TSFRESH","PEARSON","MIN_MAX","SNORKEL_SVM_LINEAR","NO","KMD","175, 194",2,0.3914572373218388,0.19424496456799348,-1,0.05572931652963329,0.009237416453780052,0.9980866647190403,71.74502179804406,0.000000226,26.796831115903316,0.0000000000008129,51.250627224541006
"12","CF4_RF_AHC_2","TSFRESH","PEARSON","MIN_MAX","SNORKEL_SVM_LINEAR","NO","AHC","68, 301",2,0.40539467337167884,0.18657972548630022,-1,0.0559132317099592,0.009026465384660055,0.6893550659257257,75.18557794273595,0.0000003567,25.915319245866957,0.000000002263,35.73329991333183
"12","CF4_COS_KMD_2","TSFRESH","PEARSON","MIN_MAX","SNORKEL_SVM_LINEAR","NO","KMD","139, 230",2,-0.9808418505708837,0.14597585715502198,-1,0.8450448411262269,0.038199177502375996,0.9556734265867544,65.68575468363379,0.0000004523,25.457097681845216,0.0000000000000136,59.290856382604034
"12","CF4_MAN_SPEC_2","TSFRESH","PEARSON","MIN_MAX","SNORKEL_SVM_LINEAR","NO","SPEC","160, 209",2,0.24321173656598852,0.11938278869519131,-1,0.023754071571731202,0.004040631456158331,0.9872424429523134,69.09979969364912,0.000001057,23.822298845791327,0.000000000002293,49.21612007362522
"12","CF4_WSD_UMAP_AHC_2","TSFRESH","PEARSON","MIN_MAX","SNORKEL_SVM_LINEAR","YES","AHC","161, 208",2,0.5240437984466553,0.16843774914741516,541.3236012318094,0.9331346459122771,0.01171425453984929,0.9882654105324815,69.38258513019913,0.000001318,23.3962515878977,0.000000000001666,49.842796681657816
"12","CF4_MAN_KMD_2","TSFRESH","PEARSON","MIN_MAX","SNORKEL_SVM_LINEAR","NO","KMD","199, 170",2,0.23887466496468862,0.11919660492785045,-1,0.024393517193953208,0.0042080740460203134,0.9955399907986198,69.579945799458,0.00003793,16.972039069461818,0.0000000002079,40.39120147042755
"12","CF4_MAN_AHC_2","TSFRESH","PEARSON","MIN_MAX","SNORKEL_SVM_LINEAR","NO","AHC","352, 17",2,0.24267298897573017,0.15305942499369904,-1,0.02456833190549901,0.004174831558279033,0.2694640031834736,65.30281607163899,0.00004617,16.599286753642268,0.00005675,16.20824353788523
"12","CF4_EUC_SPEC_2","TSFRESH","PEARSON","MIN_MAX","SNORKEL_SVM_LINEAR","NO","SPEC","209, 160",2,0.20680759006267505,0.09503445938766339,-1,0.01902017594884118,0.0035742422863197813,0.9872424429523134,68.11888771061624,0.00007347,15.719205949732354,0.0000000002592,39.96038916132836
"12","CF4_COS_UMAP_KMD_2","TSFRESH","PEARSON","MIN_MAX","SNORKEL_SVM_LINEAR","YES","KMD","218, 151",2,0.5556604862213135,0.16623517870903015,701.7944129745592,0.7329797569921445,0.04441102305130048,0.9760859533789412,60.37174502179804,0.0000805,15.546595164557253,0.000000002164,35.82025988989603
"12","CF4_RF_UMAP_SPEC_2","TSFRESH","PEARSON","MIN_MAX","SNORKEL_SVM_LINEAR","YES","SPEC","106, 263",2,0.3882867991924286,0.20123320817947388,131.47182529274932,0.9499845234971154,0.007943354097294766,0.8651592218664269,68.97018970189703,0.00008535,15.435910728393912,0.00003366,17.19905332384042
"12","CF4_EUC_KMD_2","TSFRESH","PEARSON","MIN_MAX","SNORKEL_SVM_LINEAR","NO","KMD","208, 161",2,0.20825824616191116,0.09212647901429347,-1,0.018597543862083312,0.0030084628894863504,0.9882654105324815,67.74184046188289,0.00008667,15.407002148359323,0.0000000003075,39.626615647409636
"12","CF4_COS_UMAP_KME_2","TSFRESH","PEARSON","MIN_MAX","SNORKEL_SVM_LINEAR","YES","KME","215, 154",2,0.5542802810668945,0.16542860865592957,701.351204558368,0.7338365148944915,0.04702104320806326,0.9801962745461719,60.43655001767409,0.00009945,15.147199877198714,0.000000006126,33.79412040917648
"12","CF4_MAN_UMAP_AHC_2","TSFRESH","PEARSON","MIN_MAX","SNORKEL_SVM_LINEAR","YES","AHC","158, 211",2,0.622317910194397,0.11010193079710007,935.1930613745875,0.8871423554088446,0.022472491675247813,0.985067014111349,68.39283610227407,0.0001553,14.306880497762757,0.0000000002015,40.45184731013087
"12","CF4_MAN_UMAP_KME_2","TSFRESH","PEARSON","MIN_MAX","SNORKEL_SVM_LINEAR","YES","KME","158, 211",2,0.622317910194397,0.11010193079710007,935.1930613745875,0.8848908613446355,0.02015201366967056,0.985067014111349,68.39283610227407,0.0001553,14.306880497762757,0.0000000002015,40.45184731013087
"12","CF4_MAN_UMAP_KMD_2","TSFRESH","PEARSON","MIN_MAX","SNORKEL_SVM_LINEAR","YES","KMD","211, 158",2,0.622317910194397,0.11010193079710007,935.1930613745875,0.8884751515517457,0.01976883679400088,0.985067014111349,68.39283610227407,0.0001553,14.30688049776275,0.0000000002015,40.45184731013087
"12","CF4_EUC_UMAP_KMD_2","TSFRESH","PEARSON","MIN_MAX","SNORKEL_SVM_LINEAR","YES","KMD","226, 143",2,0.5503721833229065,0.17546716332435608,642.5926333778764,0.8960388312994023,0.017626672272910513,0.9631896167239676,64.21880523153057,0.0002915,13.124509221873977,0.00000002267,31.251322499216553
"12","CF4_EUC_UMAP_AHC_2","TSFRESH","PEARSON","MIN_MAX","SNORKEL_SVM_LINEAR","YES","AHC","160, 209",2,0.5333038568496704,0.20320913195610046,606.2055904319334,0.8947677492465138,0.01941776660417333,0.9872424429523134,68.18074702486156,0.0003484,12.790256337791803,0.000000001864,36.11119269773316
"12","CF4_EUC_UMAP_KME_2","TSFRESH","PEARSON","MIN_MAX","SNORKEL_SVM_LINEAR","YES","KME","216, 153",2,0.5444855093955994,0.18523408472537994,635.5158864927334,0.8964885162590506,0.017860096337146626,0.9788698505067783,66.32496759750207,0.0004291,12.400830885755822,0.000000001745,36.23959925624073
"12","CF4_WSD_SPEC_3","TSFRESH","PEARSON","MIN_MAX","SNORKEL_SVM_LINEAR","NO","SPEC","16, 156, 197",3,0.3990482999337172,0.15119977278160754,-1,0.05595340536673715,0.010135906007147262,0.7601456386924589,77.58336279014965,0.0005367,11.983792464211504,0.001261,10.398969016074469
"12","CF4_RF_UMAP_KMD_2","TSFRESH","PEARSON","MIN_MAX","SNORKEL_SVM_LINEAR","YES","KMD","236, 133",2,0.5241388082504272,0.2360602468252182,364.7218266976807,0.951959454372829,0.006991957036118167,0.9430425248380307,58.412866737363025,0.0005391,11.97529237097362,0.00000009634,28.44621995631647
"12","CF4_EUC_UMAP_SPEC_2","TSFRESH","PEARSON","MIN_MAX","SNORKEL_SVM_LINEAR","YES","SPEC","239, 130",2,0.5106939673423767,0.22348907589912415,484.2212478115835,0.8955291102668008,0.018576102742054575,0.9361084889842497,60.49840933191941,0.0005631,11.894118529247375,0.0000001697,27.351293385172543
"12","CF4_MAN_AHC_3","TSFRESH","PEARSON","MIN_MAX","SNORKEL_SVM_LINEAR","NO","AHC","17, 209, 143",3,0.21141336845942418,0.1417419993008992,-1,0.024243817441123874,0.004388731843306149,0.7565215140860745,70.2176858725109,0.0008068,11.225635979762542,0.0001082,14.98791205338154
"12","CF4_WSD_KMD_3","TSFRESH","PEARSON","MIN_MAX","SNORKEL_SVM_LINEAR","NO","KMD","113, 181, 75",3,0.31632113752144586,0.18267921051681205,-1,0.056419912174759966,0.010903582723194761,0.942676223001038,72.63903617297044,0.002946,8.84058754082863,0.000003706,21.411285075735687
"12","CF4_COS_UMAP_SPEC_2","TSFRESH","PEARSON","MIN_MAX","SNORKEL_SVM_LINEAR","YES","SPEC","157, 212",2,0.5512046813964844,0.16805614531040192,694.7345928983785,0.7487243209829698,0.04004771561379242,0.9839144208479742,60.404147519736064,0.003486,8.533643428137912,0.0000001786,27.252242731568195
"12","CF4_COS_UMAP_AHC_2","TSFRESH","PEARSON","MIN_MAX","SNORKEL_SVM_LINEAR","YES","AHC","156, 213",2,0.5483610033988953,0.17410428822040558,684.7781302761894,0.7423179371087609,0.04370954016411278,0.9827184823459942,60.289265936137625,0.004137,8.222863187546734,0.0000001902,27.130215822884
"12","CF4_WSD_SPEC_4","TSFRESH","PEARSON","MIN_MAX","SNORKEL_SVM_LINEAR","NO","SPEC","133, 224, 12",3,0.3999513931199946,0.1647264491456348,-1,0.05568364141094448,0.010171825771448323,0.7120091833203808,78.49063273241428,0.004647,8.012079801588653,0.01473,5.9486158925518255
"12","CF4_COS_UMAP_KMD_3","TSFRESH","PEARSON","MIN_MAX","SNORKEL_SVM_LINEAR","YES","KMD","137, 124, 108",3,0.45050740242004395,0.19719448685646057,606.5924671473194,0.7449728963068705,0.041025914754023014,0.9957412487559063,57.56156474608224,0.005298,7.774966589260646,0.008172,6.995357409942551
"12","CF4_COS_UMAP_KME_3","TSFRESH","PEARSON","MIN_MAX","SNORKEL_SVM_LINEAR","YES","KME","116, 137, 116",3,0.44965627789497375,0.20082348585128784,603.8011845878581,0.7451065455466083,0.03946004546237118,0.9971033078621288,57.38482384823848,0.01096,6.471274288937844,0.00996,6.642054985749729
"12","CF4_COS_UMAP_SPEC_3","TSFRESH","PEARSON","MIN_MAX","SNORKEL_SVM_LINEAR","YES","SPEC","136, 110, 123",3,0.4484582543373108,0.21307095885276794,574.6133946000348,0.7402082592505281,0.04382008654256007,0.996604355585252,57.001885236243666,0.01228,6.269795070147119,0.009289,6.766456676723922
"12","CF4_MAN_UMAP_KMD_3","TSFRESH","PEARSON","MIN_MAX","SNORKEL_SVM_LINEAR","YES","KMD","65, 156, 148",3,0.5080597400665283,0.17912842333316803,705.002713208865,0.8861802840298588,0.020969905448744757,0.9432541101990801,69.23824673029338,0.01237,6.257649950924291,0.000009196,19.671619396205212
"12","CF4_COS_KMD_3","TSFRESH","PEARSON","MIN_MAX","SNORKEL_SVM_LINEAR","NO","KMD","138, 224, 7",3,-0.9851776515843502,0.14149262088267495,-1,0.8471347742740718,0.036537396764676676,0.6790850022887375,65.83009308353954,0.01295,6.175731039170693,0.1408,2.1689740267480575
"12","CF4_MAN_UMAP_KME_3","TSFRESH","PEARSON","MIN_MAX","SNORKEL_SVM_LINEAR","YES","KME","125, 156, 88",3,0.48016422986984253,0.1738138645887375,698.853730687967,0.8837488279815312,0.01971275013473044,0.9762539384730125,67.29409685401203,0.03244,4.575080134554034,0.00004046,16.84951164137235
"12","CF4_RF_SPEC_4","TSFRESH","PEARSON","MIN_MAX","SNORKEL_SVM_LINEAR","NO","SPEC","160, 61, 148",3,0.3638654739685351,0.1671689096276591,-1,0.054321064954607624,0.009408246689440755,0.9341803165199247,72.53741015671025,0.07376,3.197270288732829,0.00001118,19.29881580588027
"12","CF4_WSD_UMAP_KMD_3","TSFRESH","PEARSON","MIN_MAX","SNORKEL_SVM_LINEAR","YES","KMD","115, 141, 113",3,0.37978798151016235,0.19309043884277344,441.9407798651502,0.9344293743774454,0.011033117632088535,0.9952116589521263,66.60628019323671,0.07766,3.1132023549522363,0.001476,10.108516247014228
"12","CF4_RF_SPEC_3","TSFRESH","PEARSON","MIN_MAX","SNORKEL_SVM_LINEAR","NO","SPEC","25, 163, 181",3,0.3829527249129001,0.20705036261626714,-1,0.05631681057218264,0.010527354463948082,0.8125619748151978,75.20767055496643,0.07891,3.0872596836848523,0.6672,0.18490751077542825
"12","CF4_EUC_UMAP_SPEC_3","TSFRESH","PEARSON","MIN_MAX","SNORKEL_SVM_LINEAR","YES","SPEC","93, 30, 246",3,0.5675334930419922,0.21749554574489594,503.31703788998846,0.8987357127675563,0.015601920215294038,0.7479372316755882,58.68976081065158,0.09374,2.8089591766621584,0.2158,1.5320519220207824
"12","CF4_MAN_KMD_3","TSFRESH","PEARSON","MIN_MAX","SNORKEL_SVM_LINEAR","NO","KMD","120, 154, 95",3,0.1815978805029772,0.14251539638928354,-1,0.02382091746559707,0.004087514221670062,0.9824563415198324,63.603157770708144,0.09935,2.715892833873997,0.3984,0.7131493677975086
"12","CF4_EUC_AHC_2","TSFRESH","PEARSON","MIN_MAX","SNORKEL_SVM_LINEAR","NO","AHC","367, 2",2,0.39463504854095854,0.1033534123202876,-1,0.019042640961611103,0.003480431593497454,0.04859758927595413,58.87533875338753,0.1007,2.694960308920703,0.1405,2.172685862259092
"12","CF4_EUC_UMAP_KMD_3","TSFRESH","PEARSON","MIN_MAX","SNORKEL_SVM_LINEAR","YES","KMD","71, 103, 195",3,0.5157044529914856,0.19147640466690063,631.7948174200064,0.8979466926558305,0.015630062185566333,0.9196664698869927,58.214033227288795,0.1138,2.500220230695683,0.01285,6.189703376146011
"12","CF4_RF_AHC_3","TSFRESH","PEARSON","MIN_MAX","SNORKEL_SVM_LINEAR","NO","AHC","301, 67, 1",3,0.391843762902366,0.19733475329890937,-1,0.054575491380282164,0.010002156366420266,0.44779173479335393,75.28425827736538,0.1178,2.4458951640290048,0.2296,1.4433357091945829
"12","CF4_RF_AHC_4","TSFRESH","PEARSON","MIN_MAX","SNORKEL_SVM_LINEAR","NO","AHC","67, 106, 1, 195",4,0.29577536473804295,0.21736510409127516,-1,0.05513840202834335,0.009789145980786736,0.7366152576026317,71.54913396960056,0.1178,2.4458951640290048,0.2296,1.4433357091945829
"12","CF4_COS_UMAP_KME_4","TSFRESH","PEARSON","MIN_MAX","SNORKEL_SVM_LINEAR","YES","KME","91, 125, 74, 79",4,0.40925467014312744,0.1943541318178177,539.6574345828686,0.7380155227190542,0.04528746932064051,0.9840222753833475,55.99298927771886,0.1261,2.3398284042133515,0.5733,0.31724554987165715
"12","CF4_WSD_AHC_3","TSFRESH","PEARSON","MIN_MAX","SNORKEL_SVM_LINEAR","NO","AHC","69, 299, 1",3,0.41863582467150673,0.18789380039210232,-1,0.05527598293364935,0.009401868081044791,0.45511464126097223,75.92641687286438,0.1268,2.331099135331604,0.2351,1.4097268487674883
"12","CF4_MAN_SPEC_4","TSFRESH","PEARSON","MIN_MAX","SNORKEL_SVM_LINEAR","NO","SPEC","83, 118, 89, 79",4,0.18315317576737353,0.15303756141251376,-1,0.02437986327859583,0.004192208864031722,0.9905418809590699,57.06816307293507,0.1307,2.283705934238742,0.2955,1.0942382010082772
"12","CF4_WSD_UMAP_KME_3","TSFRESH","PEARSON","MIN_MAX","SNORKEL_SVM_LINEAR","YES","KME","143, 172, 54",3,0.5252424478530884,0.17568305134773254,685.6258561189042,0.933286159807204,0.011407734298499644,0.9142427769528496,65.09367267585719,0.1506,2.0662518458998393,0.3635,0.825730691694433
"12","CF4_MAN_SPEC_3","TSFRESH","PEARSON","MIN_MAX","SNORKEL_SVM_LINEAR","NO","SPEC","125, 132, 112",3,0.1850631230514046,0.14856658764595784,-1,0.023740801558004357,0.0048558870445590974,0.9979157806020532,60.59561682573348,0.1549,2.0232684954610805,0.5136,0.42679602571214104
"12","CF4_EUC_UMAP_AHC_4","TSFRESH","PEARSON","MIN_MAX","SNORKEL_SVM_LINEAR","YES","AHC","113, 88, 30, 138",4,0.4917837381362915,0.21957671642303467,657.087451093385,0.8981005603288112,0.020691602349440924,0.9205226519507382,54.86037469070343,0.1612,1.9626091282132827,0.2955,1.0944483337554314
"12","CF4_COS_UMAP_AHC_3","TSFRESH","PEARSON","MIN_MAX","SNORKEL_SVM_LINEAR","YES","AHC","178, 57, 134",3,0.38703227043151855,0.27626559138298035,420.0897928911256,0.7324045062859921,0.05127796098892487,0.9175458926293414,57.714740190880164,0.1956,1.6745776289494592,0.04519,4.01150320022858
"12","CF4_EUC_SPEC_3","TSFRESH","PEARSON","MIN_MAX","SNORKEL_SVM_LINEAR","NO","SPEC","127, 123, 119",3,0.16077019496115008,0.12310366976085389,-1,0.019100378579390734,0.002944660805696863,0.9996790623799574,57.55125486037469,0.199,1.6495690346129244,0.7542,0.09800107965579055
"12","CF4_EUC_UMAP_KME_3","TSFRESH","PEARSON","MIN_MAX","SNORKEL_SVM_LINEAR","YES","KME","202, 94, 73",3,0.5245203971862793,0.1768805831670761,640.672411231087,0.8981934817890194,0.01632858073753489,0.9091060849563846,59.034405561446924,0.22,1.5040549611150236,0.01903,5.498321581617403
"12","CF4_COS_UMAP_AHC_4","TSFRESH","PEARSON","MIN_MAX","SNORKEL_SVM_LINEAR","YES","AHC","97, 116, 34, 122",4,0.3681674599647522,0.22996139526367188,495.74220633129636,0.7395908930174221,0.04000002863821333,0.9382086481357083,56.64840344055615,0.2206,1.5002738630129195,0.6931,0.15580325549356194
"12","CF4_RF_KMD_3","TSFRESH","PEARSON","MIN_MAX","SNORKEL_SVM_LINEAR","NO","KMD","162, 121, 86",3,0.3389017592477316,0.17512968497776663,-1,0.053431601122567826,0.01000592488530567,0.9707462860622228,70.03652645222105,0.2308,1.4356195158297929,0.0008219,11.191151259157802
"12","CF4_WSD_UMAP_AHC_3","TSFRESH","PEARSON","MIN_MAX","SNORKEL_SVM_LINEAR","YES","AHC","208, 54, 107",3,0.5130341649055481,0.22713644802570343,597.7905084007825,0.9348514335598265,0.012107366075051675,0.8768840584596501,61.80040061270178,0.2412,1.3734464881989947,0.2961,1.0915459557753198
"12","CF4_WSD_KMD_5","TSFRESH","PEARSON","MIN_MAX","SNORKEL_SVM_LINEAR","NO","KMD","108, 82, 104, 14, 61",5,0.19885203276420355,0.14492813593648426,-1,0.056887379168651414,0.010761215377093021,0.9148879903875603,63.75338753387534,0.244,1.3572602279393218,0.2563,1.2883831850919114
"12","CF4_WSD_SPEC_5","TSFRESH","PEARSON","MIN_MAX","SNORKEL_SVM_LINEAR","NO","SPEC","117, 84, 156, 12",4,0.2598556170288384,0.2171334271526931,-1,0.054652302251252415,0.00967735160000917,0.8486577010575167,67.35006480499588,0.2609,1.2639700770284252,0.01339,6.1164298019827195
"12","CF4_EUC_KMD_5","TSFRESH","PEARSON","MIN_MAX","SNORKEL_SVM_LINEAR","NO","KMD","83, 80, 68, 57, 81",5,0.14502097903368566,0.13160316603723352,-1,0.018539544849901626,0.00347404276484478,0.9941817506266971,54.30216802168022,0.28,1.167103211592086,0.5163,0.42133964739723073
"12","CF4_WSD_AHC_4","TSFRESH","PEARSON","MIN_MAX","SNORKEL_SVM_LINEAR","NO","AHC","299, 13, 1, 56",4,0.36301435398858845,0.23336788125290753,-1,0.05474427893276021,0.009505882764496161,0.4259416296476866,76.75415341109932,0.2809,1.16251074806535,0.3711,0.8
"12","CF4_WSD_AHC_5","TSFRESH","PEARSON","MIN_MAX","SNORKEL_SVM_LINEAR","NO","AHC","13, 56, 1, 216, 83",5,0.30023555550770376,0.20081389076497677,-1,0.05542034585564008,0.010032004320499333,0.6642660109349533,75.36084599976435,0.2809,1.16251074806535,0.3711,0.8
"12","CF4_MAN_UMAP_AHC_3","TSFRESH","PEARSON","MIN_MAX","SNORKEL_SVM_LINEAR","YES","AHC","211, 125, 33",3,0.6073402166366577,0.1472591757774353,729.3496662413905,0.8858885170323438,0.016776884586355748,0.8212329486118526,63.168669730175566,0.2898,1.1207125281013735,0.4774,0.5048925198347115
"12","CF4_MAN_UMAP_AHC_4","TSFRESH","PEARSON","MIN_MAX","SNORKEL_SVM_LINEAR","YES","AHC","125, 149, 33, 62",4,0.5172351598739624,0.20903868973255157,841.315995412308,0.88442862518956,0.018460011222135718,0.9005890147992519,63.75780605632143,0.2898,1.1207125281013735,0.4774,0.5048925198347115
"12","CF4_EUC_SPEC_4","TSFRESH","PEARSON","MIN_MAX","SNORKEL_SVM_LINEAR","NO","SPEC","81, 104, 97, 87",4,0.16730975226805578,0.14148375607796734,-1,0.019319979774830787,0.0029692223252702106,0.9966636917140477,55.07099092730058,0.2916,1.112043801276801,0.6735,0.17752712686546576
"12","CF4_COS_UMAP_KMD_5","TSFRESH","PEARSON","MIN_MAX","SNORKEL_SVM_LINEAR","YES","KMD","82, 120, 67, 48, 52",5,0.4251652657985687,0.18880313634872437,532.7442867987626,0.7391052005243288,0.037150797797087146,0.9635528247307009,54.77494992341227,0.3489,0.8774435420996894,0.3209,0.9853408530437058
"12","CF4_COS_UMAP_KMD_4","TSFRESH","PEARSON","MIN_MAX","SNORKEL_SVM_LINEAR","YES","KMD","121, 52, 102, 94",4,0.40578436851501465,0.17634615302085876,549.5982227581055,0.7423682466061594,0.04772865994632659,0.9706164786503156,56.10050665724049,0.3507,0.8710982062632794,0.8238,0.04960225030481559
"12","CF4_EUC_KMD_4","TSFRESH","PEARSON","MIN_MAX","SNORKEL_SVM_LINEAR","NO","KMD","127, 57, 93, 92",4,0.14885513196752082,0.128458673141255,-1,0.018916884086229577,0.0030660718772367703,0.97329520300615,57.76923530104866,0.354,0.8589982206722302,0.3123,1.0208240135323199
"12","CF4_RF_AHC_5","TSFRESH","PEARSON","MIN_MAX","SNORKEL_SVM_LINEAR","NO","AHC","10, 106, 1, 195, 57",5,0.2980565186965145,0.2171069403395661,-1,0.055599699652814055,0.009428751283025883,0.6820282958139976,72.27671733239072,0.3621,0.8305084745762723,0.3711,0.8
"12","CF4_RF_UMAP_KME_3","TSFRESH","PEARSON","MIN_MAX","SNORKEL_SVM_LINEAR","YES","KME","134, 202, 33",3,0.6670616269111633,0.18826238811016083,851.5201448542574,0.9507454012818806,0.0072736277536503075,0.8315950608014054,64.442677035466,0.3716,0.7984270571267138,0.4631,0.5384681904610283
"12","CF4_RF_UMAP_AHC_3","TSFRESH","PEARSON","MIN_MAX","SNORKEL_SVM_LINEAR","YES","AHC","203, 33, 133",3,0.6674685478210449,0.18911105394363403,849.7173640527118,0.9516938580000779,0.00698384374655666,0.830567305175167,64.33810533757512,0.3732,0.7929290278236675,0.4778,0.5038130359923366
"12","CF4_MAN_UMAP_KMD_4","TSFRESH","PEARSON","MIN_MAX","SNORKEL_SVM_LINEAR","YES","KMD","123, 33, 148, 65",4,0.5182281136512756,0.20180676877498627,855.2619325025612,0.8874488553710508,0.020340804578729617,0.904866828158261,63.916872864380814,0.3732,0.7928986317700584,0.5581,0.3429725222573535
"12","CF4_MAN_UMAP_SPEC_3","TSFRESH","PEARSON","MIN_MAX","SNORKEL_SVM_LINEAR","YES","SPEC","213, 123, 33",3,0.6088893413543701,0.14747114479541779,727.4738220258156,0.8822520919701071,0.02367400399547351,0.8185870295073504,63.265877223989634,0.3732,0.7928986317700584,0.5581,0.3429725222573535
"12","CF4_MAN_UMAP_SPEC_4","TSFRESH","PEARSON","MIN_MAX","SNORKEL_SVM_LINEAR","YES","SPEC","123, 33, 150, 63",4,0.5190274119377136,0.20503877103328705,852.33158602635,0.886378432846851,0.021274225496091183,0.9015627186800187,63.98756922351833,0.3732,0.7928986317700584,0.5581,0.3429725222573535
"12","CF4_MAN_UMAP_KME_4","TSFRESH","PEARSON","MIN_MAX","SNORKEL_SVM_LINEAR","YES","KME","70, 33, 143, 123",4,0.5124949216842651,0.2003997266292572,854.6998197095534,0.8840241916872047,0.018573938201002362,0.9123757625952214,63.23052904442088,0.3732,0.7928986317700578,0.5581,0.3429725222573534
"12","CF4_WSD_UMAP_KME_5","TSFRESH","PEARSON","MIN_MAX","SNORKEL_SVM_LINEAR","YES","KME","82, 107, 54, 65, 61",5,0.48697975277900696,0.20391641557216644,801.5527371191855,0.9347350640627872,0.012156003697981784,0.980390217570286,59.39525156121126,0.3765,0.7822379707356976,0.6251,0.23878603647771793
"12","CF4_WSD_KMD_4","TSFRESH","PEARSON","MIN_MAX","SNORKEL_SVM_LINEAR","NO","KMD","85, 105, 75, 104",4,0.18400998487531145,0.16513385516750925,-1,0.05641151372369757,0.00961227119667743,0.9930052490999646,62.7209261223047,0.3824,0.7628133493919403,0.3716,0.7981580343385295
"12","CF4_WSD_UMAP_SPEC_4","TSFRESH","PEARSON","MIN_MAX","SNORKEL_SVM_LINEAR","YES","SPEC","140, 33, 124, 72",4,0.4729120135307312,0.2453630417585373,642.1492412252438,0.9333135054715466,0.013129641475927382,0.915338000451684,65.33521856957701,0.3846,0.7560351302838355,0.5374,0.38037349376598517
"12","CF4_WSD_UMAP_SPEC_3","TSFRESH","PEARSON","MIN_MAX","SNORKEL_SVM_LINEAR","YES","SPEC","33, 186, 150",3,0.529089629650116,0.23523864150047302,612.5358704134164,0.932240657861386,0.011595758477386775,0.8439201258019361,66.46636031577707,0.4053,0.6926896886611529,0.4148,0.6650624324529792
"12","CF4_COS_UMAP_SPEC_5","TSFRESH","PEARSON","MIN_MAX","SNORKEL_SVM_LINEAR","YES","SPEC","105, 88, 56, 51, 69",5,0.36012643575668335,0.19261127710342407,486.1503502525408,0.7386324047711236,0.04629939828391177,0.9771566712331248,51.430128431719105,0.4094,0.6805480207805832,0.7147,0.1336245143338741
"12","CF4_WSD_KMD_6","TSFRESH","PEARSON","MIN_MAX","SNORKEL_SVM_LINEAR","NO","KMD","56, 85, 48, 105, 61, 14",6,0.20250116676364513,0.1564711674133195,-1,0.05360623196497848,0.008820890836517698,0.9314629145737258,60.081595381171205,0.423,0.6420783829506491,0.7288,0.12022378405811265
"12","CF4_RF_KMD_6","TSFRESH","PEARSON","MIN_MAX","SNORKEL_SVM_LINEAR","NO","KMD","54, 55, 61, 81, 103, 15",6,0.21655527402808053,0.12978397888944332,-1,0.05408020220691898,0.009368063715073743,0.9385998568375652,60.07423117709438,0.4252,0.6360223022278846,0.6766,0.17395324207125407
"12","CF4_RF_UMAP_SPEC_3","TSFRESH","PEARSON","MIN_MAX","SNORKEL_SVM_LINEAR","YES","SPEC","33, 170, 166",3,0.6249260902404785,0.23391437530517578,762.2230938185509,0.9525404611999236,0.0073107168194895015,0.8486278837218401,68.17780134323083,0.4261,0.6333770102998527,0.3808,0.7682774777764063
"12","CF4_RF_UMAP_AHC_4","TSFRESH","PEARSON","MIN_MAX","SNORKEL_SVM_LINEAR","YES","AHC","143, 73, 120, 33",4,0.6210861206054688,0.21733087301254272,1350.9244405213747,0.9509845028337789,0.008326370840357544,0.9154855607952359,65.36909390833038,0.4471,0.5778663536539864,0.6411,0.21731434364793642
"12","CF4_RF_UMAP_KMD_4","TSFRESH","PEARSON","MIN_MAX","SNORKEL_SVM_LINEAR","YES","KMD","84, 120, 132, 33",4,0.623416006565094,0.1951780766248703,1400.6782594887707,0.9526221227256539,0.00723155305672514,0.927550746010438,64.53399316601862,0.4471,0.5778663536539864,0.6411,0.21731434364793642
"12","CF4_RF_UMAP_KME_4","TSFRESH","PEARSON","MIN_MAX","SNORKEL_SVM_LINEAR","YES","KME","132, 120, 33, 84",4,0.623416006565094,0.1951780766248703,1400.6782594887707,0.9512921005648758,0.007547678865614303,0.927550746010438,64.53399316601862,0.4471,0.5778663536539864,0.6411,0.21731434364793642
"12","CF4_MAN_UMAP_AHC_5","TSFRESH","PEARSON","MIN_MAX","SNORKEL_SVM_LINEAR","YES","AHC","149, 70, 33, 62, 55",5,0.4998222589492798,0.21862749755382538,882.1022728696727,0.8886026138354797,0.017110403519448814,0.9200991879885773,58.77960410038882,0.4871,0.4829881012330922,0.4121,0.6728610979865012
"12","CF4_MAN_UMAP_SPEC_6","TSFRESH","PEARSON","MIN_MAX","SNORKEL_SVM_LINEAR","YES","SPEC","33, 55, 67, 62, 68, 84",6,0.4960075616836548,0.20788371562957764,1007.8947866370247,0.888036642241438,0.019134680274417632,0.9809800290194223,54.37875574407918,0.4871,0.4829881012330922,0.6402,0.21849676407034402
"12","CF4_WSD_UMAP_KME_4","TSFRESH","PEARSON","MIN_MAX","SNORKEL_SVM_LINEAR","YES","KME","124, 72, 119, 54",4,0.4977448284626007,0.17719508707523346,777.3650357906123,0.9351419535749882,0.010669269626101272,0.9604835144905075,64.06268410510192,0.4896,0.4773226257546543,0.4749,0.5104833449786129
"12","CF4_RF_UMAP_SPEC_4","TSFRESH","PEARSON","MIN_MAX","SNORKEL_SVM_LINEAR","YES","SPEC","119, 33, 139, 78",4,0.6238999962806702,0.20452609658241272,1381.563254741083,0.9508126487588452,0.008661937121271135,0.9212689881896869,64.78584894544598,0.4979,0.4593359858846872,0.6894,0.15976722555173956
"12","CF4_RF_SPEC_6","TSFRESH","PEARSON","MIN_MAX","SNORKEL_SVM_LINEAR","NO","SPEC","71, 32, 11, 104, 85, 66",6,0.1335352980030833,0.2243225592135714,-1,0.05609120726445536,0.009069651140479423,0.9135379646479266,58.02256392129138,0.5309,0.392647349966156,0.513,0.4279854954671152
"12","CF4_MAN_UMAP_KME_5","TSFRESH","PEARSON","MIN_MAX","SNORKEL_SVM_LINEAR","YES","KME","122, 70, 33, 65, 79",5,0.5023615956306458,0.19594959914684296,839.69022329204,0.882778339932657,0.02052631860584913,0.9525324275469214,59.15959703075292,0.54,0.37560111491165643,0.5912,0.28855176363328955
"12","CF4_WSD_UMAP_KMD_4","TSFRESH","PEARSON","MIN_MAX","SNORKEL_SVM_LINEAR","YES","KMD","130, 48, 72, 119",4,0.4937223792076111,0.19426067173480988,765.001099075699,0.9334971366062428,0.012851062122071965,0.9497765387133873,64.68716861081654,0.5425,0.3709148400071162,0.5884,0.2929084596203352
"12","CF4_RF_UMAP_KMD_3","TSFRESH","PEARSON","MIN_MAX","SNORKEL_SVM_LINEAR","YES","KMD","118, 118, 133",3,0.5056951642036438,0.29860636591911316,440.3554830681503,0.9513208469327589,0.007787282695192597,0.9985150562123092,62.321786261340876,0.558,0.3431882066182465,0.0268,4.903397062407979
"12","CF4_MAN_UMAP_KMD_5","TSFRESH","PEARSON","MIN_MAX","SNORKEL_SVM_LINEAR","YES","KMD","122, 71, 78, 33, 65",5,0.5014076232910156,0.19631360471248627,839.2913383036516,0.8883217180853396,0.018035723523807983,0.9527134187705986,59.14486862259927,0.5644,0.3320911725536895,0.5912,0.28855176363328955
"12","CF4_COS_UMAP_SPEC_4","TSFRESH","PEARSON","MIN_MAX","SNORKEL_SVM_LINEAR","YES","SPEC","60, 88, 106, 115",4,0.3981321454048157,0.19831211864948273,521.6403727036821,0.7387104565480189,0.046357621409552255,0.9802231341699059,55.24331330269825,0.5681,0.3258358159950121,0.5747,0.31481739173476436
"12","CF4_MAN_KMD_5","TSFRESH","PEARSON","MIN_MAX","SNORKEL_SVM_LINEAR","NO","KMD","90, 65, 67, 85, 62",5,0.1620905819931954,0.14741105767452992,-1,0.023575365722366393,0.0036323415584850706,0.9926942376167079,55.486332037233424,0.5723,0.3188795603496933,0.6322,0.22909512406136812
"12","CF4_EUC_UMAP_AHC_5","TSFRESH","PEARSON","MIN_MAX","SNORKEL_SVM_LINEAR","YES","AHC","86, 93, 116, 44, 30",5,0.5023400783538818,0.24547170102596283,770.0988423691281,0.8938460075280534,0.020206463484948936,0.9370902994335872,55.67632850241546,0.5847,0.29862539541554983,0.3466,0.8857353237582303
"12","CF4_EUC_KMD_3","TSFRESH","PEARSON","MIN_MAX","SNORKEL_SVM_LINEAR","NO","KMD","135, 110, 124",3,0.15230138442270855,0.13367157585150072,-1,0.018996545994951656,0.0036174780527936977,0.9968331017782237,57.86791563567809,0.6023,0.27152531687541265,0.7946,0.06777012249047908
"12","CF4_WSD_UMAP_AHC_4","TSFRESH","PEARSON","MIN_MAX","SNORKEL_SVM_LINEAR","YES","AHC","54, 136, 107, 72",4,0.49346786737442017,0.1908407360315323,745.4186347439556,0.9339314426330898,0.012464765112175322,0.9571931924940968,63.40874278308001,0.603,0.2705128932864784,0.2961,1.0915459557753198
"12","CF4_COS_SPEC_4","TSFRESH","PEARSON","MIN_MAX","SNORKEL_SVM_LINEAR","NO","SPEC","88, 38, 83, 160",4,-0.5037492591040638,0.41379479540235187,-1,0.8494646297358582,0.03764136337757438,0.918903820191836,49.846824555202076,0.6049,0.26770543588632967,0.9926,0.0000851059256375537
"12","CF4_MAN_KMD_4","TSFRESH","PEARSON","MIN_MAX","SNORKEL_SVM_LINEAR","NO","KMD","131, 65, 86, 87",4,0.16374137999558336,0.148321206689766,-1,0.02380971945627208,0.0038533962340239975,0.97643880913931,58.897431365618004,0.6123,0.2568056211848697,0.7425,0.10791699339640363
"12","CF4_EUC_SPEC_6","TSFRESH","PEARSON","MIN_MAX","SNORKEL_SVM_LINEAR","NO","SPEC","50, 53, 80, 62, 75, 49",6,0.1758471613453871,0.1388969065917395,-1,0.019020697895859112,0.0035865542139163482,0.989326066275694,52.791033345116055,0.6394,0.21953843350455765,0.8616,0.03041045324162462
"12","CF4_RF_UMAP_KMD_5","TSFRESH","PEARSON","MIN_MAX","SNORKEL_SVM_LINEAR","YES","KMD","77, 114, 86, 59, 33",5,0.5882951021194458,0.20070570707321167,1611.269293980994,0.9534623827256188,0.006915007213923432,0.9558303353406261,60.05508424649464,0.6415,0.21675627162217956,0.8275,0.047495998359913354
"12","CF4_RF_UMAP_KMD_6","TSFRESH","PEARSON","MIN_MAX","SNORKEL_SVM_LINEAR","YES","KMD","44, 114, 35, 33, 84, 59",6,0.5862523317337036,0.19610247015953064,1689.6978369709163,0.9515092666378092,0.008448481467615825,0.9408743024868141,59.99911629551078,0.6415,0.21675627162217956,0.8275,0.047495998359913354
"12","CF4_COS_UMAP_SPEC_6","TSFRESH","PEARSON","MIN_MAX","SNORKEL_SVM_LINEAR","YES","SPEC","67, 58, 62, 75, 46, 61",6,0.3723428547382355,0.17975226044654846,539.7682189662938,0.7380996651669421,0.042444378611107586,0.9941464435679517,49.62147991045128,0.652,0.20344962196512145,0.8835,0.021489154048332078
"12","CF4_WSD_UMAP_AHC_5","TSFRESH","PEARSON","MIN_MAX","SNORKEL_SVM_LINEAR","YES","AHC","99, 74, 72, 33, 91",5,0.4449242949485779,0.2376726269721985,726.2355215957909,0.9343425170997457,0.012285366422123776,0.9663077590829016,59.088900671615406,0.6657,0.1866777585941443,0.587,0.29505684612593636
"12","CF4_WSD_UMAP_KMD_5","TSFRESH","PEARSON","MIN_MAX","SNORKEL_SVM_LINEAR","YES","KMD","104, 63, 72, 80, 50",5,0.4887036681175232,0.1991841197013855,791.0654087788098,0.9353500461670001,0.0116055306983347,0.9816192440818933,58.828207847295864,0.6675,0.18449561989684357,0.5968,0.27988045187997856
"12","CF4_MAN_UMAP_AHC_6","TSFRESH","PEARSON","MIN_MAX","SNORKEL_SVM_LINEAR","YES","AHC","70, 58, 91, 62, 55, 33",6,0.4771641790866852,0.2265087217092514,970.9122966764116,0.8873218384986918,0.018990497656976763,0.9771094999194606,53.88388123011665,0.691,0.15800131585257593,0.4887,0.4793949521134133
"12","CF4_EUC_UMAP_AHC_6","TSFRESH","PEARSON","MIN_MAX","SNORKEL_SVM_LINEAR","YES","AHC","116, 93, 33, 44, 30, 53",6,0.5104825496673584,0.20722340047359467,847.8054149112164,0.8977495861273584,0.018525949749758498,0.9283470900025519,53.742488511841636,0.6983,0.15024599804672495,0.594,0.2841987120533204
"12","CF4_EUC_UMAP_SPEC_5","TSFRESH","PEARSON","MIN_MAX","SNORKEL_SVM_LINEAR","YES","SPEC","78, 118, 30, 90, 53",5,0.5065324306488037,0.23704983294010162,774.4526909401147,0.8951370985881836,0.018969746912635123,0.9444217325496168,55.52904442087899,0.6983,0.15024599804672495,0.6812,0.1687929567607429
"12","CF4_MAN_SPEC_6","TSFRESH","PEARSON","MIN_MAX","SNORKEL_SVM_LINEAR","NO","SPEC","63, 73, 60, 62, 48, 63",6,0.16127096612276615,0.180041800778135,-1,0.02379761271845536,0.004557443086969553,0.9959549059069396,52.35507246376812,0.7187,0.12976275554775601,0.8108,0.05732233480502573
"12","CF4_MAN_UMAP_KME_6","TSFRESH","PEARSON","MIN_MAX","SNORKEL_SVM_LINEAR","YES","KME","80, 55, 33, 68, 68, 65",6,0.49632275104522705,0.2096242755651474,1025.206540636381,0.8876248097848327,0.019383241806224083,0.9824343249613474,54.24620007069636,0.7188,0.12960979121609725,0.7902,0.07074926038542635
"12","CF4_COS_UMAP_KME_6","TSFRESH","PEARSON","MIN_MAX","SNORKEL_SVM_LINEAR","YES","KME","66, 69, 75, 59, 55, 45",6,0.37805503606796265,0.173482745885849,548.9306410436903,0.744991619657887,0.042074381715487864,0.9926866344816587,49.80853069400259,0.7209,0.1275875073222857,0.944,0.004936215186661428
"12","CF4_WSD_UMAP_SPEC_5","TSFRESH","PEARSON","MIN_MAX","SNORKEL_SVM_LINEAR","YES","SPEC","136, 80, 33, 72, 48",5,0.47700002789497375,0.2260333150625229,729.6732930020635,0.9325830892929173,0.013140731511640568,0.9316292772386378,60.37469070342877,0.7358,0.11384499451262974,0.9417,0.0053411840593971995
"12","CF4_RF_UMAP_KME_5","TSFRESH","PEARSON","MIN_MAX","SNORKEL_SVM_LINEAR","YES","KME","94, 108, 33, 76, 58",5,0.5728228092193604,0.21484825015068054,1569.7604165545556,0.951550663524146,0.007066433731510222,0.9569532959110748,59.95345823023448,0.7446,0.10616600837292903,0.8638,0.029410278230213634
"12","CF4_COS_KMD_4","TSFRESH","PEARSON","MIN_MAX","SNORKEL_SVM_LINEAR","NO","KMD","137, 224, 7, 1",4,-0.9855327164249464,0.1239747318448994,-1,0.84563804430824,0.040965264217076636,0.5497420499666497,65.6518793448804,0.7446,0.10616414583213557,0.9503,0.0038927072562497302
"12","CF4_WSD_UMAP_KME_6","TSFRESH","PEARSON","MIN_MAX","SNORKEL_SVM_LINEAR","YES","KME","33, 62, 94, 54, 68, 58",6,0.5125218033790588,0.21008870005607605,954.4794655284716,0.9343476956901653,0.011859299299371264,0.9754228188582378,56.24484505714622,0.7454,0.1054140235682594,0.9628,0.0021782126938930616
"12","CF4_WSD_UMAP_SPEC_6","TSFRESH","PEARSON","MIN_MAX","SNORKEL_SVM_LINEAR","YES","SPEC","43, 104, 33, 75, 37, 77",6,0.4922477900981903,0.23724225163459778,867.2758071814167,0.9329185488756196,0.012991819004342575,0.9514536330571759,58.24496288441146,0.7456,0.10522704193729428,0.9595,0.0025805858299461472
"12","CF4_RF_UMAP_AHC_6","TSFRESH","PEARSON","MIN_MAX","SNORKEL_SVM_LINEAR","YES","AHC","65, 108, 50, 78, 35, 33",6,0.573214054107666,0.2011486440896988,1653.0891535256465,0.9533273733457596,0.006651755498358874,0.9511055796514711,59.48656769176387,0.7465,0.10449803404848276,0.8638,0.029410278230213634
"12","CF4_RF_UMAP_SPEC_5","TSFRESH","PEARSON","MIN_MAX","SNORKEL_SVM_LINEAR","YES","SPEC","65, 33, 90, 73, 108",5,0.5821956396102905,0.20434974133968353,1591.450126666784,0.9522899942305715,0.007015148473446722,0.9606401457498799,59.91958289148109,0.7465,0.10449803404848276,0.8638,0.029410278230213634
"12","CF4_RF_UMAP_SPEC_6","TSFRESH","PEARSON","MIN_MAX","SNORKEL_SVM_LINEAR","YES","SPEC","63, 108, 33, 65, 14, 86",6,0.5697543621063232,0.24061806499958038,1542.6216211320552,0.9526579856914681,0.007218837710925564,0.9190761750302939,60.679568752209256,0.7465,0.10449803404848121,0.8638,0.029410278230213634
"12","CF4_COS_UMAP_AHC_5","TSFRESH","PEARSON","MIN_MAX","SNORKEL_SVM_LINEAR","YES","AHC","116, 122, 34, 62, 35",5,0.3755665123462677,0.24703285098075867,480.201551047539,0.7412318771580415,0.036384862441177106,0.9149302734208373,55.638034641215974,0.7494,0.1020062948694265,0.6931,0.15580325549356194
"12","CF4_COS_AHC_2","TSFRESH","PEARSON","MIN_MAX","SNORKEL_SVM_LINEAR","NO","AHC","247, 122",2,0.01630752153560908,0.02530483922612776,-1,0.8520557224875036,0.03654701220247613,0.915561934558804,50.453634971132324,0.7526,0.09939878147635649,0.7085,0.13974563906661497
"12","CF4_MAN_KMD_6","TSFRESH","PEARSON","MIN_MAX","SNORKEL_SVM_LINEAR","NO","KMD","65, 67, 55, 35, 85, 62",6,0.13557883871242346,0.1466048460963293,-1,0.02356225578760932,0.004083814073683588,0.982647060216437,52.7394839165783,0.7586,0.09447430843654617,0.7246,0.12409286359806741
"12","CF4_MAN_SPEC_5","TSFRESH","PEARSON","MIN_MAX","SNORKEL_SVM_LINEAR","NO","SPEC","71, 70, 69, 72, 87",5,0.17439354202804996,0.1625068501417949,-1,0.02412060357172994,0.005009829468035635,0.9975569548844757,54.122481442205725,0.7703,0.08525254775556361,0.8843,0.021162411930853796
"12","CF4_WSD_UMAP_KMD_6","TSFRESH","PEARSON","MIN_MAX","SNORKEL_SVM_LINEAR","YES","KMD","57, 63, 33, 80, 72, 64",6,0.5091156363487244,0.2156941443681717,945.5069089625185,0.9338296294644495,0.013233325684709724,0.9824822070742002,55.57175680452456,0.7748,0.08186715727147786,0.9928,0.0000813155200672166
"12","CF4_COS_SPEC_2","TSFRESH","PEARSON","MIN_MAX","SNORKEL_SVM_LINEAR","NO","SPEC","108, 261",2,-0.37677937671530937,0.6398777053973498,-1,0.8485188890095818,0.034884379824292336,0.87216178834117,52.453752798397545,0.7794,0.07848563582751483,0.3009,1.0699945727571256
"12","CF4_WSD_UMAP_AHC_6","TSFRESH","PEARSON","MIN_MAX","SNORKEL_SVM_LINEAR","YES","AHC","74, 91, 72, 33, 46, 53",6,0.5148075819015503,0.22050386667251587,932.6604693168468,0.9328590367871554,0.012006759054994414,0.9713956956570989,56.17562153882408,0.7833,0.07564168608702966,0.893,0.01808926942922492
"12","CF4_COS_SPEC_3","TSFRESH","PEARSON","MIN_MAX","SNORKEL_SVM_LINEAR","NO","SPEC","58, 64, 247",3,-0.4213286742380117,0.6351850182435516,-1,0.8468927251927475,0.0366134620419793,0.7858912499098277,52.13267350064805,0.7849,0.07450861200317058,0.9601,0.002499790047635794
"12","CF4_RF_SPEC_5","TSFRESH","PEARSON","MIN_MAX","SNORKEL_SVM_LINEAR","NO","SPEC","10, 42, 55, 140, 122",5,0.2509401155874093,0.32088311369682604,-1,0.05411223057274647,0.008835246693161583,0.8465514289727468,65.09367267585719,0.7901,0.07083707894855445,0.8067,0.059876249344476315
"12","CF4_COS_UMAP_AHC_6","TSFRESH","PEARSON","MIN_MAX","SNORKEL_SVM_LINEAR","YES","AHC","100, 122, 34, 62, 35, 16",6,0.3414381444454193,0.26668548583984375,423.1564452312216,0.7379552589063058,0.04432552052438262,0.8922195210923636,55.33462943325086,0.7917,0.06972845604832704,0.7013,0.14711609673799267
"12","CF4_EUC_UMAP_KMD_5","TSFRESH","PEARSON","MIN_MAX","SNORKEL_SVM_LINEAR","YES","KMD","71, 80, 30, 120, 68",5,0.5334436893463135,0.19174478948116302,899.317005763779,0.8958062412155904,0.01947992909082883,0.9503732132773377,55.79415576764464,0.8009,0.06359912805269208,0.9133,0.011856377420831848
"12","CF4_EUC_UMAP_KMD_6","TSFRESH","PEARSON","MIN_MAX","SNORKEL_SVM_LINEAR","YES","KMD","117, 41, 30, 71, 54, 56",6,0.48561498522758484,0.21460042893886566,816.9571876296263,0.8971302920885935,0.015429770093025536,0.9470367935925565,55.23594909862142,0.8009,0.06359912805269123,0.9133,0.011856377420831848
"12","CF4_EUC_UMAP_SPEC_4","TSFRESH","PEARSON","MIN_MAX","SNORKEL_SVM_LINEAR","YES","SPEC","135, 30, 71, 133",4,0.5051950216293335,0.24221263825893402,667.4300723073268,0.8981845119827265,0.016869469919142725,0.9066091901892652,53.447920348768704,0.8009,0.06359912805269123,0.9133,0.011856377420831848
"12","CF4_EUC_UMAP_KMD_4","TSFRESH","PEARSON","MIN_MAX","SNORKEL_SVM_LINEAR","YES","KMD","96, 82, 120, 71",4,0.4799872636795044,0.21662527322769165,682.8313569041424,0.8985567864266797,0.016936859564595477,0.9860493683340347,57.54389065629787,0.806,0.060322979657049434,0.06667,3.3632725075735643
"12","CF4_EUC_UMAP_KME_5","TSFRESH","PEARSON","MIN_MAX","SNORKEL_SVM_LINEAR","YES","KME","30, 67, 72, 119, 81",5,0.5332953929901123,0.19072076678276062,900.1207591782115,0.9000355500749834,0.018017304170255002,0.9509414937058845,55.82803110639802,0.8166,0.05380362242534942,0.9601,0.0025030506298641493
"12","CF4_EUC_UMAP_KME_6","TSFRESH","PEARSON","MIN_MAX","SNORKEL_SVM_LINEAR","YES","KME","30, 57, 72, 68, 72, 70",6,0.5116848349571228,0.2050710767507553,887.6547839665993,0.8988020420704552,0.017821733631100626,0.980751629267729,53.034052079651225,0.8166,0.05380362242534942,0.9112,0.012426865869353147
"12","CF4_MAN_AHC_4","TSFRESH","PEARSON","MIN_MAX","SNORKEL_SVM_LINEAR","NO","AHC","209, 4, 143, 13",4,0.1985840629249692,0.15879332758566775,-1,0.02406691908887279,0.004433117212169525,0.6176607576371785,70.25303405207966,0.8383,0.041638445474202715,1,0
"12","CF4_MAN_AHC_5","TSFRESH","PEARSON","MIN_MAX","SNORKEL_SVM_LINEAR","NO","AHC","165, 44, 143, 13, 4",5,0.15897515849808333,0.15951307781224847,-1,0.023937434730259683,0.004481015457756954,0.7131414873917733,66.8949569930482,0.8383,0.0416384454742027,1,0
"12","CF4_COS_UMAP_KMD_6","TSFRESH","PEARSON","MIN_MAX","SNORKEL_SVM_LINEAR","YES","KMD","70, 74, 75, 50, 44, 56",6,0.3787708282470703,0.17555205523967743,543.3378996241888,0.743076898552694,0.04325978694735826,0.988947347012576,49.99705431836927,0.848,0.036747310481393625,0.7819,0.07667381810812696
"12","CF4_COS_UMAP_KME_5","TSFRESH","PEARSON","MIN_MAX","SNORKEL_SVM_LINEAR","YES","KME","78, 119, 70, 52, 50",5,0.42602333426475525,0.18808239698410034,533.632025832307,0.735076099697478,0.05199191931457238,0.9666632712860295,54.65417697655237,0.8586,0.0317280070167974,0.4152,0.6638730049847978
"12","CF4_EUC_UMAP_KME_4","TSFRESH","PEARSON","MIN_MAX","SNORKEL_SVM_LINEAR","YES","KME","93, 81, 77, 118",4,0.4860309660434723,0.18682733178138733,707.2143659910791,0.8969963589697035,0.017699171187461987,0.9895324554354742,57.08289148108873,0.875,0.024728610593427642,0.2374,1.3960627991922934
"12","CF4_COS_SPEC_5","TSFRESH","PEARSON","MIN_MAX","SNORKEL_SVM_LINEAR","NO","SPEC","41, 45, 62, 135, 86",5,-0.6415555977113155,0.3431043961321127,-1,0.8415933271906039,0.04442721628508384,0.9368171589753855,47.14416165900789,0.88,0.02280598368747491,0.9981,0.000005570294647057992
"12","CF4_EUC_KMD_6","TSFRESH","PEARSON","MIN_MAX","SNORKEL_SVM_LINEAR","NO","KMD","73, 47, 33, 81, 78, 57",6,0.1522534302394522,0.13664334915290302,-1,0.018698666686873765,0.003604814546798896,0.9760298280271151,53.517143867090844,0.8801,0.022750949057782393,0.9788,0.000708959811345988
"12","CF4_MAN_UMAP_SPEC_5","TSFRESH","PEARSON","MIN_MAX","SNORKEL_SVM_LINEAR","YES","SPEC","63, 33, 68, 150, 55",5,0.4994482398033142,0.21837639808654785,879.6310676428157,0.8859867356230076,0.01815576339720189,0.9189637658720442,58.93867090844821,0.8902,0.019048749488186027,0.4121,0.6728610979865012
"12","CF4_RF_UMAP_AHC_5","TSFRESH","PEARSON","MIN_MAX","SNORKEL_SVM_LINEAR","YES","AHC","73, 90, 120, 33, 53",5,0.5867540240287781,0.2127423733472824,1574.0483911903702,0.9516661936211355,0.006716978751364638,0.9473056321322406,60.803287380699885,0.8948,0.01750032009355828,0.6411,0.21731434364793642
"12","CF4_EUC_UMAP_SPEC_6","TSFRESH","PEARSON","MIN_MAX","SNORKEL_SVM_LINEAR","YES","SPEC","28, 30, 52, 53, 92, 114",6,0.5072185397148132,0.20631751418113708,848.9708514403754,0.8973565639563463,0.01884534053572629,0.9285584408941893,53.79109225874868,0.8978,0.01649185615612468,0.881,0.02240031628473586
"12","CF4_MAN_AHC_6","TSFRESH","PEARSON","MIN_MAX","SNORKEL_SVM_LINEAR","NO","AHC","143, 44, 158, 13, 4, 7",6,0.16575161600984442,0.1534132596714584,-1,0.024266998747177592,0.004614021250075232,0.6843917472004911,66.37651702603982,0.9077,0.013456188990296918,1,0
"12","CF4_COS_SPEC_6","TSFRESH","PEARSON","MIN_MAX","SNORKEL_SVM_LINEAR","NO","SPEC","37, 31, 66, 75, 41, 119",6,-0.6639766114757196,0.3514808417693419,-1,0.8458107962141314,0.04231445869273059,0.9373315568494222,47.71709673618476,0.9087,0.013143085998920978,0.9417,0.00535611494041067
"12","CF4_MAN_UMAP_KMD_6","TSFRESH","PEARSON","MIN_MAX","SNORKEL_SVM_LINEAR","YES","KMD","64, 55, 69, 67, 33, 81",6,0.4971175491809845,0.21001382172107697,1023.5606265885361,0.8866848467077516,0.017799696080688526,0.9820769194483681,54.232944503358084,0.9092,0.013006865729919898,0.7586,0.09444622509923178
"12","CF4_RF_UMAP_KME_6","TSFRESH","PEARSON","MIN_MAX","SNORKEL_SVM_LINEAR","YES","KME","54, 65, 33, 70, 97, 50",6,0.5357590913772583,0.21273955702781677,1744.8934049564348,0.9506930095941641,0.0065290723148184624,0.9713486192960034,56.59979969364911,0.9152,0.01134058169552635,0.9316,0.007362602889815871
"12","CF4_WSD_SPEC_6","TSFRESH","PEARSON","MIN_MAX","SNORKEL_SVM_LINEAR","NO","SPEC","91, 84, 12, 94, 88",5,0.1368148521309935,0.1780425086441548,-1,0.056570748106484416,0.010522201095162765,0.921921127099609,59.09626487569224,0.9295,0.007824427686764411,0.1203,2.413774493107296
"12","CF4_EUC_SPEC_5","TSFRESH","PEARSON","MIN_MAX","SNORKEL_SVM_LINEAR","NO","SPEC","91, 68, 73, 79, 58",5,0.17289025392686194,0.14742528678538658,-1,0.01909341492687214,0.0030616382564889037,0.9930811555785563,53.82791327913279,0.9332,0.007017267834182686,0.7831,0.07578551662996988
"12","CF4_COS_AHC_4","TSFRESH","PEARSON","MIN_MAX","SNORKEL_SVM_LINEAR","NO","AHC","153, 122, 32, 62",4,-0.00585756448395192,0.04086440157079524,-1,0.8446669891563855,0.038949127549977584,0.8964072478016967,47.01307882644044,0.9544,0.003271191423258346,0.986,0.0003088222510025976
"12","CF4_COS_AHC_3","TSFRESH","PEARSON","MIN_MAX","SNORKEL_SVM_LINEAR","NO","AHC","215, 122, 32",3,0.00737393374685314,0.04046303170806595,-1,0.849004737227306,0.036101346253652696,0.8125616013897417,48.4446800989749,0.9612,0.002363314658134855,0.8598,0.03119225880581874
"12","CF4_COS_AHC_5","TSFRESH","PEARSON","MIN_MAX","SNORKEL_SVM_LINEAR","NO","AHC","122, 79, 32, 62, 74",5,-0.019093473468439523,0.051524829892888604,-1,0.8431781928186021,0.04321771777559446,0.9505587905607865,45.6050430069518,0.973,0.0011436627663829557,0.992,0.00010004074708095099
"12","CF4_RF_KMD_4","TSFRESH","PEARSON","MIN_MAX","SNORKEL_SVM_LINEAR","NO","KMD","157, 62, 97, 53",4,0.28908133564885036,0.16676292923392264,-1,0.05540438562651958,0.008490185597302809,0.9328618653554384,67.7992812536821,0.9761,0.0008942604432806754,0.08152,3.0343225555511943
"12","CF4_RF_KMD_5","TSFRESH","PEARSON","MIN_MAX","SNORKEL_SVM_LINEAR","NO","KMD","54, 62, 81, 15, 157",5,0.2974090353401327,0.15599184137326594,-1,0.05482608771805657,0.009479598925276575,0.8745748306103909,67.49293036408625,0.9761,0.0008942604432806751,0.08152,3.0343225555511952
"12","CF4_EUC_UMAP_AHC_3","TSFRESH","PEARSON","MIN_MAX","SNORKEL_SVM_LINEAR","YES","AHC","74, 209, 86",3,0.5235726237297058,0.17107397317886353,620.1958141616559,0.900986947850793,0.016050956150835845,0.8953434172787545,60.18911276069282,0.9794,0.0006668809356274633,0.8003,0.06395763493241075
"12","CF4_COS_AHC_6","TSFRESH","PEARSON","MIN_MAX","SNORKEL_SVM_LINEAR","NO","AHC","79, 67, 55, 62, 74, 32",6,-0.016351868830300764,0.052238454643593946,-1,0.8427225655934795,0.04154765661681533,0.9808426013887999,44.625603864734295,0.9952,0.00003571749026469691,0.9643,0.002003904356240953
"12","CF4_WSD_AHC_6","TSFRESH","PEARSON","MIN_MAX","SNORKEL_SVM_LINEAR","NO","AHC","56, 216, 1, 12, 83, 1",6,0.30095730586848346,0.2028601103384346,-1,0.055623599339311526,0.009311620261730784,0.6020054687128452,75.3667373630258,1,0,1,0
"12","CF4_RF_AHC_6","TSFRESH","PEARSON","MIN_MAX","SNORKEL_SVM_LINEAR","NO","AHC","106, 195, 1, 9, 57, 1",6,0.2977502269298547,0.2196069575436257,-1,0.05476217105195435,0.008995544060169095,0.6175449619863613,72.28408153646754,1,0,1,0
"12","CF4_EUC_AHC_3","TSFRESH","PEARSON","MIN_MAX","SNORKEL_SVM_LINEAR","NO","AHC","364, 2, 3",3,0.33659054963665336,0.1041271632991838,-1,0.018955310930760402,0.0027462087554917755,0.07360313433968926,59.31719099799694,1,0,1,0
"12","CF4_EUC_AHC_4","TSFRESH","PEARSON","MIN_MAX","SNORKEL_SVM_LINEAR","NO","AHC","357, 2, 3, 7",4,0.2514108280205367,0.08985057011862656,-1,0.01870519815052458,0.0029438712499996705,0.12594998512375452,59.42765405914928,1,0,1,0
"12","CF4_EUC_AHC_5","TSFRESH","PEARSON","MIN_MAX","SNORKEL_SVM_LINEAR","NO","AHC","280, 77, 3, 7, 2",5,0.13299447314638582,0.11947503362897312,-1,0.019035339750017425,0.0032311752388051464,0.4219122724946003,68.36485212678214,1,0,1,0
"12","CF4_EUC_AHC_6","TSFRESH","PEARSON","MIN_MAX","SNORKEL_SVM_LINEAR","NO","AHC","173, 77, 3, 7, 2, 107",6,0.1700374456583726,0.12259729009612452,-1,0.018538612348761016,0.00360821597119432,0.6606506898756676,64.89925768822906,1,0,1,0
"12","CF4_COS_KMD_5","TSFRESH","PEARSON","MIN_MAX","SNORKEL_SVM_LINEAR","NO","KMD","136, 224, 7, 1, 1",5,-0.982852142145453,0.13414412598098258,-1,0.8416119019545227,0.038632434197209804,0.48348413561457315,65.48397549192883,1,0,1,0
"12","CF4_COS_KMD_6","TSFRESH","PEARSON","MIN_MAX","SNORKEL_SVM_LINEAR","NO","KMD","135, 224, 7, 1, 1, 1",6,-0.9801981768222311,0.14336683145182383,-1,0.8502106125804489,0.040918469907884135,0.44322420430155157,65.29397902674678,1,0,1,0
